product_type,weight,battery,screen_size,ram,storage,composition
Tablet,7989,3911,4.430530248048368,54,310,92.25557693716445
Desktop Computer,2250,4857,15.225086433007508,32,169,68.54386383738571
Tablet,8872,2430,19.02660457790983,2,53,20.618443959667733
Mobile Phone,8548,4032,10.172370587932434,39,315,96.5876837701157
Tablet,8648,4545,6.892225666901022,15,53,39.852200628830104
Laptop,4779,1555,6.92357707625042,43,209,50.14341096389219
Desktop Computer,7749,161,11.952281108036805,41,449,79.06751616926141
Desktop Computer,3675,2549,6.40962263532505,15,345,70.82769480698389
Desktop Computer,7923,4321,8.547463954423343,60,379,3.3050470917574515
Laptop,5302,1055,18.90482392965384,46,96,79.0351383056484
Mobile Phone,5765,4490,15.241276505454044,3,132,81.4567730067798
Desktop Computer,9795,4864,11.630532221759946,21,127,68.71011110561687
Desktop Computer,4364,1544,3.165194490976903,54,499,25.737730471287566
Tablet,5514,3170,5.337056371792997,18,308,64.11337254192074
Mobile Phone,5517,3401,17.23644154801439,59,209,94.27584270664363
Mobile Phone,8218,3802,15.37464110268808,1,73,54.29016954987029
Desktop Computer,3797,4025,5.11640898812702,45,385,39.740946216075265
Mobile Phone,3759,4506,4.565258336997502,56,499,6.4338063423545755
Tablet,3984,2170,16.6039207609339,18,132,73.16935807543133
Tablet,1967,874,15.619284562671,32,241,55.097602041419
Laptop,4491,1172,15.998053983966035,9,428,21.194519299080373
Desktop Computer,1844,1463,15.54808163396482,64,410,60.05662207221516
Mobile Phone,3984,1228,8.5535458056195,22,230,10.979914915136145
Desktop Computer,4414,2338,15.329203953291637,8,87,20.35909744420462
Tablet,1152,3128,18.26539473834971,19,413,27.64416456702914
Mobile Phone,6568,2379,3.9830745178708593,33,29,2.012148128892932
Mobile Phone,532,4389,6.203705521042169,42,234,32.20181368884302
Mobile Phone,7974,3977,15.184687254971744,40,257,52.23060380971312
Laptop,763,1640,14.932590648213004,1,30,8.164495294615703
Laptop,3208,2721,8.134685347739016,14,468,14.37085423530281
Tablet,5447,1879,8.84116858422026,42,399,48.32715452011285
Laptop,3390,520,7.848610384197813,32,225,59.95626026206293
Tablet,4739,4681,10.591782789763045,28,477,47.67711628763532
Mobile Phone,1065,3511,17.98133809397018,9,430,4.869593503430892
Desktop Computer,8865,1398,16.799120988792943,11,429,96.74006815001252
Desktop Computer,2098,1884,4.4162298263029935,5,297,0.550643549213492
Mobile Phone,9308,1124,6.1012203884301055,27,354,82.0996519009175
Laptop,1583,3470,14.968586754026543,43,209,75.7762228533839
Mobile Phone,9749,3172,4.545441102217196,42,443,79.24166293724973
Desktop Computer,2073,3294,4.654143479676327,40,161,97.71467706769094
Mobile Phone,6617,486,15.023529978061463,50,58,40.305711732968504
Mobile Phone,5703,1500,9.20234339828766,10,457,2.6689965492267986
Desktop Computer,2607,4294,15.89320937991802,10,70,79.77655789440836
Desktop Computer,9025,1919,5.975042956051913,50,146,81.17781456516914
Desktop Computer,4257,3231,3.9333712319182985,12,180,89.01111864644274
Desktop Computer,4829,2565,6.688552483647369,62,229,38.55994223190896
Tablet,7503,3311,3.871795190251364,60,297,19.207901468108368
Desktop Computer,6335,1929,15.36385611416366,22,43,54.71401237541444
Desktop Computer,2256,4673,13.48973341549698,23,183,42.2405928284467
Mobile Phone,4811,750,3.9434434596217876,64,163,67.85387207035939
Tablet,3930,455,18.51896674743598,14,379,17.735447503353097
Tablet,6084,4039,5.5107442355522345,45,75,19.940837421464607
Mobile Phone,5431,1883,9.338251518338186,43,491,43.60878471985355
Laptop,4450,1870,4.217039066850612,32,278,1.689517834293608
Laptop,2549,2330,3.7108279450337287,24,139,22.311829431885254
Desktop Computer,7597,2514,19.423195319457676,5,125,54.83869510545729
Laptop,947,3768,6.614483655793579,48,220,4.057668446764895
Desktop Computer,7682,4929,17.797095532720814,19,54,32.74275384988129
Laptop,9557,3106,16.9982219507026,29,182,32.171582194989846
Desktop Computer,1517,3570,14.710013907103296,52,143,22.292052887247603
Laptop,4841,1699,11.670828004107118,64,406,25.419893137206262
Desktop Computer,5585,3240,8.078801698137482,64,151,31.927505391753186
Mobile Phone,8823,2618,12.269848131616346,44,390,33.849510478693176
Laptop,9685,2538,9.727596061159074,9,112,35.9807909035763
Laptop,8114,720,13.713132366724682,51,11,13.119059642614916
Mobile Phone,1556,3762,6.000449470907814,39,322,2.6753711361789723
Laptop,5329,1926,13.409227088111356,41,341,48.8742699081944
Laptop,1843,506,8.19999758391053,63,387,57.79696718656871
Desktop Computer,8318,1359,9.860593707458683,39,398,70.59878520930512
Laptop,1250,1900,10.345621765727431,42,83,27.502507632163876
Desktop Computer,4764,2464,14.23871269317056,57,372,14.497802517605818
Laptop,5040,683,16.32983595968833,61,247,99.74860491163383
Desktop Computer,3944,721,8.20022377790031,48,310,4.321607399129612
Tablet,7964,569,9.091169126583793,52,503,16.818937831663117
Tablet,3919,3939,9.302779191111888,15,183,6.69865273311967
Mobile Phone,3029,4346,15.003108611200073,36,133,47.08972414268795
Mobile Phone,2508,4409,10.01802229066665,3,9,58.382261826506664
Tablet,6656,1536,14.06918132301243,58,67,82.87565795077971
Desktop Computer,1608,1562,13.514086987409621,47,412,79.86793447594151
Laptop,5502,3201,8.719611952815544,48,127,35.815558588375914
Laptop,4456,333,8.327076431693342,52,188,78.49507555938278
Desktop Computer,2947,523,6.559912217468598,8,276,63.708998537397754
Tablet,8290,2855,19.0768542710625,28,275,68.52340785332397
Laptop,9155,446,7.034257007529773,22,91,18.459281776770563
Laptop,7100,2544,10.677121217088072,12,201,82.2589498783882
Desktop Computer,9743,827,4.29286087261479,35,148,63.400490702327204
Laptop,895,151,12.20766079288122,48,43,9.683539487934812
Laptop,8764,102,6.674803766198455,51,219,74.49822898676103
Tablet,533,4615,14.009629703615023,50,150,87.77255564326137
Tablet,6185,3534,13.94021036153047,19,204,86.06913644319934
Laptop,617,1276,11.956134686548268,31,490,1.174530660996409
Desktop Computer,8318,1050,17.138516017761937,57,494,81.82672378925724
Laptop,2376,2747,6.533280097689406,64,214,1.505829876638376
Mobile Phone,9389,172,6.937693131273852,43,89,7.0761561465501615
Mobile Phone,5051,2156,13.575787270661944,9,205,80.42744187697444
Laptop,6189,98,14.201832069189285,39,134,59.500139291357726
Laptop,8732,2602,10.742858122064902,16,284,85.65969904415611
Mobile Phone,6982,371,7.037455818717958,13,156,82.11089439625964
Desktop Computer,3274,1751,11.734943069472678,44,304,2.2888142810634893
Mobile Phone,440,1192,17.37957907159752,29,361,87.79372898822515
Tablet,7189,1743,14.50279188491758,53,405,53.711397711637964
Desktop Computer,5325,1492,14.194962525115756,1,398,5.123650552472836
Tablet,2612,92,9.93223263171495,41,152,81.15386184722924
Desktop Computer,4774,1888,5.562106879054264,64,485,45.753577792590036
Laptop,8977,2336,8.947249009571856,9,336,2.580720353903887
Tablet,7294,4679,17.66741336428735,44,463,15.543865227194209
Laptop,7781,4666,13.935578540548004,20,219,67.53278681550556
Desktop Computer,5764,4835,11.022860473274939,64,280,15.550558313622586
Laptop,3683,219,5.328051058075498,19,109,1.239774336495203
Laptop,1585,1184,9.333899504195612,58,312,66.71803419682715
Tablet,8982,1653,18.20667374324018,16,270,59.35052923052909
Tablet,3221,719,13.825670152740184,55,308,89.22698577414323
Tablet,9700,782,10.413722566011426,36,160,30.28413687062845
Laptop,8231,1866,5.672211745540903,47,38,94.70928297086749
Tablet,4241,3300,7.698500899505698,34,267,23.41961317145771
Desktop Computer,443,4804,11.438990827303346,15,125,70.15906244469996
Laptop,7693,304,15.521990514106733,33,484,11.431852280257537
Mobile Phone,4362,2830,8.124493416186922,21,224,15.878498295022482
Laptop,4198,3326,10.287271989944692,41,24,0.3969611192115696
Desktop Computer,889,4441,18.640235753437075,36,299,88.79116768028156
Laptop,9434,1055,15.721766169663681,64,67,14.139728299882536
Desktop Computer,3112,2250,15.00069328849983,59,209,86.73652403930312
Mobile Phone,9098,3435,12.065180376066156,45,474,54.796870379013285
Tablet,9486,2068,17.030385346128465,22,504,32.964411518547564
Laptop,758,2704,5.016881680812185,42,485,50.52091490061831
Tablet,4376,1058,15.763767966843258,33,442,70.82602746046106
Desktop Computer,9871,3151,11.436245193805737,33,177,57.94606583129844
Desktop Computer,6636,1552,15.1609739642671,56,66,67.99773927751276
Mobile Phone,3016,1210,11.556608582530592,31,55,41.83893030098883
Laptop,3265,633,6.9414539573285845,20,220,90.82408594483206
Laptop,9318,1312,6.314448176992135,14,339,55.54530520587101
Laptop,9525,2979,12.041445054138032,48,427,52.39742697496259
Laptop,7677,49,13.0955501866704,17,33,20.98024629162388
Tablet,511,1583,10.896824336967239,45,482,61.19039283063144
Laptop,6655,564,4.1474932821248185,34,429,62.14827258973955
Desktop Computer,2260,430,9.529360812778094,49,337,68.3501786759195
Laptop,2395,2730,14.8222360371721,41,294,17.359212492326392
Tablet,6606,719,18.177111525781427,43,45,49.501482790047746
Mobile Phone,2792,3401,10.934528505734507,31,457,52.94460641363925
Tablet,8816,925,9.295768177616628,53,367,24.58351017873265
Mobile Phone,5621,1336,6.3428373997796,1,496,0.3266594653082544
Mobile Phone,4625,4793,4.489574628696265,41,451,76.69608629172478
Mobile Phone,9742,3993,9.34645580604599,31,129,49.39484764382877
Desktop Computer,4208,1349,17.425236753804658,10,49,92.287231686213
Tablet,6592,4384,6.533514562632256,21,367,41.47480880144697
Mobile Phone,4171,544,5.444805736320041,52,60,70.96654684366644
Tablet,6137,513,12.110865102305654,48,104,50.18212938940917
Laptop,139,4092,11.698330278255796,14,113,25.417853254965838
Laptop,6833,2893,7.92093630964566,62,390,4.399591609925491
Laptop,5900,3477,9.103734723416396,13,66,14.813550633802752
Desktop Computer,8432,2280,18.982581225963525,48,90,13.274398920592823
Mobile Phone,3860,4509,18.499906275412215,6,447,60.50547028383695
Desktop Computer,3187,3676,19.697181821654336,2,507,67.15264975324806
Mobile Phone,1503,1392,5.708755923750432,38,32,64.08639322788515
Laptop,2017,3472,4.530726722974,6,65,54.98001457973505
Laptop,8602,4493,15.28907150505849,54,44,99.44132027564687
Tablet,4203,4998,5.925982247653717,34,380,95.6069274759051
Desktop Computer,3806,1783,6.671666692781384,19,202,54.05743666452438
Laptop,698,2101,10.906712020845628,4,338,52.068898553741704
Tablet,6144,793,18.97808708366516,34,357,82.25469904967129
Laptop,2273,4336,5.68127220068643,22,438,86.3086450746501
Laptop,9891,843,12.350276781090534,22,153,66.06430830422536
Desktop Computer,4740,2498,15.962148944502273,42,121,3.430657877708432
Laptop,1869,2007,8.953114736330908,3,342,40.15654111045899
Tablet,6847,428,6.454281820436121,36,168,89.16878504452424
Laptop,8791,2832,10.178939170360001,57,491,33.580184609597666
Desktop Computer,1021,986,4.012032055929865,39,245,17.606140886985788
Desktop Computer,5384,972,14.775525964716408,11,458,7.296228553710538
Mobile Phone,4533,3881,5.017285251530897,62,131,18.994785210529976
Tablet,7949,567,10.103668404790279,40,101,14.426804421502348
Laptop,7956,2783,14.512610860510943,46,259,50.795242874930565
Tablet,4917,1917,14.531792983462127,37,171,51.77752965671497
Desktop Computer,3785,150,10.831899051225076,37,141,79.22310087090062
Mobile Phone,2057,4428,3.037608529064596,17,121,91.70933926799867
Desktop Computer,4906,37,10.58137608431738,25,197,67.93130364742723
Desktop Computer,6458,860,10.134380150120185,28,124,27.595186929608673
Mobile Phone,7106,741,12.195871376860495,37,502,46.10817952025222
Mobile Phone,6734,2918,14.856765424794807,42,119,89.02503455292515
Laptop,8132,4291,15.805714042005956,36,282,58.610235792673194
Desktop Computer,6671,164,13.294718837585263,34,233,39.795671282178965
Tablet,2248,1052,11.823788383390474,49,145,94.6676625512349
Mobile Phone,243,3279,6.081908042556211,15,360,30.85246555040355
Desktop Computer,4132,1716,8.265481007350546,58,427,20.31978743820977
Mobile Phone,6968,2381,6.3325846040556995,58,171,87.55041070911211
Laptop,8790,4612,17.619506915784143,29,475,86.21809522008246
Desktop Computer,3766,3287,8.127594587456947,56,478,44.15387242323362
Desktop Computer,935,3289,14.131757921746342,41,138,3.893062944438408
Tablet,8975,3756,14.874051907825248,13,342,60.099651645709564
Laptop,4433,2019,14.338764389849615,34,347,96.96316643959575
Desktop Computer,4106,2726,14.005727547749352,18,165,70.58799929352007
Desktop Computer,7834,863,15.95364336994785,56,511,85.25367834369996
Tablet,2105,4371,4.237707047149026,32,62,88.90768495816019
Desktop Computer,4248,3297,12.319477244788615,25,309,53.31271866233185
Tablet,659,2052,9.538086521141038,55,370,72.89325743395445
Mobile Phone,2251,4399,8.601337744392472,39,52,72.25200196557329
Laptop,2423,3458,6.489188030164813,4,405,25.76016379923499
Tablet,8644,4319,5.6343795712345734,39,174,97.49500238799689
Mobile Phone,8063,660,10.286383107108692,7,390,85.34403047152264
Mobile Phone,5248,3711,11.481527826655178,43,501,0.12150256052372299
Tablet,8543,4109,7.633419989357764,18,323,56.085183799608316
Tablet,9953,2010,8.477938911075778,20,18,34.70309761227934
Tablet,7373,3157,19.260737354091738,15,424,95.04448229564433
Desktop Computer,4775,1631,16.62210586058967,16,62,59.61193432658277
Mobile Phone,4938,2841,16.55729782868036,4,278,57.09134222970502
Desktop Computer,1052,4738,10.74905051404512,9,378,98.70923173178397
Mobile Phone,3766,1823,19.56423367438944,16,167,23.67464951033712
Desktop Computer,2994,3787,16.641829846027644,58,175,70.43347558071848
Tablet,1179,1086,6.552970122046414,42,443,52.096733863941935
Mobile Phone,3714,2297,9.684939281804489,56,282,80.78004262736441
Desktop Computer,5825,1312,16.25263606546954,51,480,81.13538801099189
Laptop,2658,1571,4.271622834557251,36,465,8.066702484721123
Mobile Phone,9981,2871,3.160288286551313,10,501,8.61744065665645
Laptop,8442,2507,14.453669204196249,47,345,14.95151516138754
Desktop Computer,2442,1314,9.56139148004911,33,264,97.5293771948502
Desktop Computer,6897,1889,10.855142491206966,53,505,7.737185785808798
Desktop Computer,9162,3066,3.1907560727179036,46,209,31.3302801476535
Mobile Phone,9933,1629,15.18928202035772,12,447,47.48345825434982
Laptop,8015,2489,15.171718478520797,1,107,85.02552436109656
Laptop,880,1132,14.680768534563365,51,426,31.44887550287242
Laptop,241,110,18.99711122876686,7,102,57.18729535994218
Tablet,6274,2652,4.841436760911624,49,14,28.807956213453657
Mobile Phone,8378,952,8.996320458412477,27,185,30.157427291592164
Laptop,1810,570,4.5680687291904345,15,258,59.58740377202753
Desktop Computer,6841,2822,8.83539522577977,18,344,2.745783864728768
Desktop Computer,4978,4100,11.268449067462182,48,422,86.35729342748355
Mobile Phone,6588,129,5.8199598929150715,51,424,0.10051746679596851
Tablet,8538,1963,12.894612997084582,58,139,80.47132837243896
Desktop Computer,4394,933,4.565554587964431,44,284,90.72662359702119
Desktop Computer,1407,1838,11.814915548563777,28,21,2.084031307345946
Mobile Phone,2656,644,15.370560777235417,19,511,94.8659946647576
Desktop Computer,9681,4567,10.010335547156973,1,74,56.67048643337892
Desktop Computer,8066,3930,10.57927824023136,30,376,37.327830734370174
Desktop Computer,2343,2829,19.80211115680695,45,351,59.41169353327058
Laptop,8001,1140,11.786613502224476,27,147,51.5861595484323
Mobile Phone,5920,4175,14.640711498933161,40,367,1.1157580949617052
Laptop,5108,1925,19.647293468513293,42,502,72.99019718885413
Desktop Computer,1298,3554,7.753925057043478,55,74,54.08329930546143
Desktop Computer,6873,3524,8.449819831384008,28,168,30.87202059622509
Laptop,1008,335,9.370975981939205,18,76,88.6639682536688
Laptop,3806,750,5.8249139488321715,51,390,18.27701786755376
Desktop Computer,4394,3749,5.664715988218306,4,163,68.93589668866254
Desktop Computer,646,1620,15.834799422109224,18,171,4.674981140062107
Mobile Phone,4259,1355,16.094443588474,15,387,67.77026998467987
Laptop,4389,2117,3.50286474596922,56,217,31.79164545135995
Laptop,821,763,4.448328621950939,6,352,33.39123614414382
Desktop Computer,7599,1377,19.806089638824506,12,44,28.86216835262163
Tablet,8390,506,6.792964165590287,39,196,99.42083948006514
Desktop Computer,5812,2614,19.496049355984393,22,80,65.70926476875626
Desktop Computer,6678,1148,19.922819810715964,29,310,8.306896454152957
Laptop,5468,116,7.845609200327164,51,317,2.6686626132787494
Tablet,3118,4201,6.441127890497551,3,81,83.61724558386481
Laptop,3827,1103,10.209095830928685,64,262,85.60380798293994
Mobile Phone,5058,1114,17.383445028703644,6,176,17.664026171857948
Desktop Computer,2157,3749,4.285026323374618,19,196,71.434738320747
Mobile Phone,6028,3872,7.47483434930731,15,11,54.39708183050668
Mobile Phone,4650,1146,9.85164858371859,31,308,98.25060989628145
Tablet,8175,3700,3.0248229307484156,41,17,89.11610919226679
Mobile Phone,1060,4039,9.31478514267139,12,145,20.105999073863444
Desktop Computer,5255,849,5.957697319338766,35,226,31.420789406939242
Desktop Computer,6969,886,19.528903825410335,45,457,90.39031040490445
Mobile Phone,7781,288,12.482814945949212,56,283,46.41447525866844
Mobile Phone,8365,1966,4.66260220304682,11,317,21.45271956196596
Mobile Phone,6845,683,8.664123385982858,32,59,91.98502010765242
Desktop Computer,6098,1641,7.002896453563293,29,266,32.634369271555755
Laptop,2168,1791,17.630784504108867,46,377,92.35501060527362
Tablet,7590,104,10.743232201316612,31,389,83.11502001689661
Desktop Computer,9343,3826,5.390401793508788,10,17,51.45482929331715
Laptop,7151,4145,19.425913950679785,36,416,28.526334217067074
Mobile Phone,4241,289,6.382087072194531,53,144,67.78084782292464
Laptop,139,2413,12.048926436740777,27,231,94.02714714765892
Desktop Computer,2000,1267,14.377778217128856,9,196,81.36569169230434
Tablet,6882,35,14.913726953336264,53,204,36.295438026039086
Tablet,9380,1185,15.958953721414712,17,121,30.79293217232202
Mobile Phone,8457,4988,15.821135282382182,55,199,57.285301816581324
Tablet,1469,1637,10.463119388764692,8,488,44.69721218861549
Tablet,6087,2699,15.906391202076067,35,16,67.2533195274465
Tablet,6532,1343,14.255716693836535,29,144,16.18731476147518
Mobile Phone,1323,4196,9.427845210474313,9,373,87.79381644451125
Mobile Phone,6708,196,17.275899800708366,3,49,71.26345710858538
Tablet,7188,4576,8.884222843069153,22,14,97.59135949494005
Mobile Phone,3431,1094,19.05282544401471,7,68,41.20858396187028
Mobile Phone,9196,846,8.010909172826292,19,319,74.1472410702644
Desktop Computer,3105,4851,15.306186308226135,34,482,77.68376907439381
Desktop Computer,6523,473,15.460665883735963,3,97,6.988335868491891
Mobile Phone,8059,2249,3.568257509190074,11,33,42.61306140407222
Tablet,9017,916,11.482636279324263,32,392,43.3908763220784
Laptop,778,1629,7.237706394530029,22,234,29.117550139650415
Tablet,4507,1587,16.917927518214285,46,384,46.6667790201291
Tablet,4228,1228,5.373891487674891,26,182,37.38633470684527
Desktop Computer,836,3719,17.058537488352304,48,257,35.4233275631603
Desktop Computer,6254,1604,8.721828129652287,48,275,35.02808551755968
Tablet,3019,1209,19.03404832480693,47,80,93.89594884925124
Laptop,3999,839,9.187374474166113,63,350,93.64129986389987
Laptop,3382,4997,11.13927960204213,43,421,17.576288826979525
Laptop,568,4105,12.092801248781184,16,68,3.3861970974884303
Laptop,7646,1734,9.091149872321434,38,25,61.893846228012485
Desktop Computer,8796,2814,8.479996960404543,36,193,42.27950907196122
Tablet,462,3685,19.097875586423527,10,467,53.17099011455686
Laptop,6035,1180,16.873052026751104,26,161,71.60512665770369
Laptop,5287,2174,10.258702035563369,58,57,78.2117007464407
Tablet,1026,3480,5.775039278583185,24,26,99.28171812874287
Mobile Phone,2120,1045,6.95915724966933,42,471,85.26874789619622
Mobile Phone,3039,1610,16.812781849998316,37,93,2.919443730429283
Tablet,8860,456,19.806021635717734,26,511,67.01090815294755
Laptop,7658,1996,7.289283769428671,63,507,43.29198645866425
Desktop Computer,4206,3545,10.00318844437983,7,159,82.60575056409996
Desktop Computer,5179,4252,6.514120843489702,56,380,52.14467032139759
Desktop Computer,4408,2393,17.3533417855275,16,101,13.564804354603277
Desktop Computer,2492,43,19.480979533036148,14,131,82.50052503981382
Tablet,1012,3415,10.477861286846217,25,289,73.97479526706586
Tablet,6475,13,11.009992951188135,64,83,7.340036566004127
Tablet,6956,2768,3.3742649247257166,24,230,94.30531558893833
Tablet,7487,963,16.845083865873743,47,478,75.8976341433456
Laptop,8953,4633,7.622856450709159,4,75,95.15894683345462
Laptop,5095,842,10.348743109379601,25,348,69.87941215538768
Mobile Phone,5106,2248,18.08323701517066,12,106,25.857735330629094
Tablet,7914,3358,15.441838452439312,25,275,60.938335467649985
Mobile Phone,9026,424,15.051326535797484,45,102,42.60672304554384
Tablet,5477,1271,12.200577540375294,47,39,60.20958854814348
Mobile Phone,6813,2468,7.8286578814153716,60,303,75.6433048159288
Laptop,1270,2455,7.5902710994939175,30,499,87.75780744687707
Desktop Computer,4027,3403,4.701240835390244,64,280,22.64557763643541
Desktop Computer,844,1525,17.759990895437006,46,503,3.902231410507606
Laptop,1094,1477,8.051777299665655,27,83,94.82852172849185
Desktop Computer,2201,2325,7.443853606688261,5,38,11.31761046764731
Tablet,5973,4510,13.146247145491488,32,95,91.0554532376118
Desktop Computer,6300,2217,4.4891513710648425,16,48,99.76401315106216
Tablet,4801,1474,14.838250829202352,19,226,74.23326078608878
Desktop Computer,8827,2379,16.732261909616533,41,464,35.53823239829113
Mobile Phone,3193,779,16.860017991497124,2,460,91.18489317359465
Tablet,1168,1744,18.70803472732623,42,339,46.20318420185249
Desktop Computer,4037,2524,16.181184947283274,22,259,80.82753762607668
Laptop,2489,86,11.947524618190775,6,198,6.002651185867136
Laptop,8660,1921,4.764772598141258,12,120,90.03517928526826
Tablet,4882,2346,12.794248150947203,12,80,12.300522286950777
Desktop Computer,2414,2912,18.79434195504709,7,112,86.43781494883667
Mobile Phone,3414,993,7.8679672747381195,37,418,95.56172029662687
Tablet,6917,121,19.15670213943419,19,174,99.04844582716314
Mobile Phone,3271,284,14.754746957559743,29,282,52.458273872585316
Tablet,7865,3051,5.43995661291952,52,460,96.0347519258691
Laptop,5813,3076,4.733482305801919,61,510,6.5731518790728805
Mobile Phone,2124,2128,14.995847880276665,15,489,55.14410813050629
Mobile Phone,8701,3702,6.632265322216906,9,357,64.1103609511184
Tablet,8151,2693,5.761471231942355,2,504,38.97938665820065
Laptop,4330,4693,6.5758043161818645,60,491,69.50548628227789
Mobile Phone,2329,1586,6.312405485953134,3,198,48.70260892375252
Desktop Computer,5803,4016,15.377739260954945,61,145,17.604035965380447
Laptop,1035,3222,4.2849289594515,61,320,50.7234069649257
Laptop,9360,1437,6.104839499682748,62,242,63.7420962112699
Mobile Phone,3659,1814,15.765800926563935,10,97,9.16149696047437
Laptop,161,97,14.315029864065794,8,65,75.76160061112842
Mobile Phone,9623,4244,9.93403325701169,45,158,62.11263279584727
Laptop,3699,175,12.046737282337613,29,310,91.05959390965745
Desktop Computer,4741,388,13.812004822489572,64,444,10.962154147012493
Laptop,3363,4123,11.16263455592523,47,331,66.93684018332905
Laptop,702,1067,19.33934206143776,32,80,97.45493475510646
Tablet,8516,368,8.523112763451774,39,348,71.97396505366252
Desktop Computer,5831,1560,6.316726074098243,31,132,98.59205231251718
Desktop Computer,6924,4905,18.159076993950436,10,153,17.001991905965987
Desktop Computer,6355,2176,7.140827363530241,12,99,18.82719012251123
Laptop,1246,3622,7.5867780671108775,58,146,64.70543052474757
Tablet,7387,1287,13.328475842288626,38,11,21.475960546741145
Desktop Computer,2167,4245,3.803132809937655,1,62,19.06750150926053
Mobile Phone,4840,258,16.995164048682515,34,85,83.31605605846705
Desktop Computer,594,4571,17.66636814825,15,459,40.19277289053724
Desktop Computer,1793,712,6.189783209627503,16,431,71.95887392685856
Tablet,5350,801,13.864274898887057,11,303,39.71050195383804
Laptop,3511,4981,10.359147028067706,35,262,36.923912371885656
Mobile Phone,9292,397,13.337514062810428,25,188,1.0498779613342113
Desktop Computer,8035,922,15.313327198743293,56,490,47.726619941097724
Tablet,771,1671,7.165948720772492,64,272,4.8425302218610415
Mobile Phone,2265,1449,4.774213272826685,39,452,88.00468036706226
Mobile Phone,4012,4992,18.93887181056224,49,396,77.62292144354026
Laptop,1157,822,11.172919484179053,31,438,39.849922228508525
Desktop Computer,611,1101,16.278375747446994,35,121,59.994343634394944
Mobile Phone,1012,3954,14.363204494807263,37,310,52.35006913394006
Desktop Computer,4404,4240,9.524890316675481,11,170,70.50299308802559
Laptop,4702,3636,4.946673517962486,5,58,44.98794584082893
Desktop Computer,1135,629,3.702984421079455,43,412,92.18086436517898
Desktop Computer,3724,4088,18.933364884868702,51,8,37.54776112079901
Mobile Phone,3415,542,10.329228241236365,54,268,44.54079686429158
Mobile Phone,7393,4897,10.680042504417626,49,279,22.717503679115815
Tablet,4077,4093,7.559348064303476,38,252,46.77865600473958
Tablet,5474,270,13.335133195209755,54,150,50.21717541944266
Desktop Computer,3059,964,6.708570504116798,25,443,56.381215717340716
Laptop,4641,2045,18.17465074688888,39,193,93.559422801695
Desktop Computer,5136,2949,11.38067563434198,7,107,15.755005577873959
Mobile Phone,4367,2116,7.084242452388857,46,99,93.60717839615533
Tablet,4895,3065,14.045569894106558,53,232,92.63280608979302
Desktop Computer,8961,2564,8.83653655849263,47,497,9.822490242134286
Laptop,5562,1212,11.818688646267832,52,205,39.20722147403407
Desktop Computer,2061,4456,12.849483129102131,22,501,94.78286134526986
Desktop Computer,2291,2017,14.96995540835704,36,41,0.23757915688229492
Desktop Computer,9303,279,19.46480247873272,27,353,5.571808177841609
Tablet,5217,4133,7.503920093683941,56,114,49.782960177201886
Laptop,181,3836,18.575447194094146,63,291,16.997648545666987
Mobile Phone,1537,2934,19.34792562880086,48,407,84.56441784766552
Desktop Computer,6794,4423,12.935300825227863,40,300,19.445728738722224
Desktop Computer,992,2473,12.072386173341725,46,34,94.99015984413819
Desktop Computer,1204,2941,12.782057171144462,29,498,0.008101152269557321
Tablet,1424,4657,4.934321559481122,37,382,26.824011227902233
Mobile Phone,3179,1539,11.512324389873461,44,361,33.96376126918401
Mobile Phone,5839,1399,18.81535278079436,39,282,18.90691688378353
Laptop,6870,3298,12.69101741613524,56,397,57.184315066440384
Tablet,6436,2044,12.130317574898848,24,329,73.13914685581756
Mobile Phone,1888,2422,7.38725481401074,54,321,20.585297926646383
Laptop,2926,152,6.392492120661256,55,341,75.26362510437568
Mobile Phone,1877,2168,19.655662372161338,40,216,15.459825708651277
Desktop Computer,7990,2513,13.759291185018323,14,256,14.03788730760862
Laptop,2127,2613,3.984137706744921,1,290,58.14901191445795
Mobile Phone,4018,4624,11.849835706490053,53,353,0.8769793169175033
Mobile Phone,4899,232,17.009165504847314,34,336,53.493933548630956
Tablet,9578,4106,15.77227907845905,24,94,64.2276419782685
Mobile Phone,7853,1671,8.060656211704545,26,280,27.64211822719439
Desktop Computer,8405,4664,10.032796789453135,25,371,95.03260168906199
Tablet,3593,3184,15.342459645803531,17,38,32.18410575608348
Laptop,4977,2052,16.271860961930113,55,472,64.09295183577562
Laptop,915,4410,8.505920274660077,59,201,53.233835545825336
Desktop Computer,727,3612,15.03840701493829,3,170,87.03192247867658
Tablet,8534,4514,17.968774937102662,11,406,77.68264558087388
Tablet,957,3439,5.9477107004069545,31,361,35.26589607511112
Laptop,521,1608,7.535681517857164,4,308,21.065369130553393
Tablet,6735,2970,6.651810191331057,41,60,44.797057389877835
Desktop Computer,9713,2185,3.5607788396852755,49,498,39.51902070996201
Tablet,5158,3603,19.295764219061606,47,458,34.23804560123277
Desktop Computer,127,1994,6.100955619918076,43,302,9.553091713418649
Desktop Computer,4302,3210,15.368038714692565,52,498,4.292125023442361
Mobile Phone,7958,3296,19.147861487074646,34,203,58.88309828694057
Desktop Computer,7255,2878,5.333138948219623,4,108,24.366439991290058
Laptop,2244,4137,8.001183174054116,44,506,71.57817856436978
Desktop Computer,1029,848,4.979411005098596,13,426,91.18511001340718
Mobile Phone,7836,1643,17.582493780841194,58,177,96.23554736238896
Laptop,175,2984,3.2403768952187555,38,355,75.73910699432737
Laptop,159,4990,11.018620594175754,53,71,38.66462521009475
Desktop Computer,4357,1423,12.634062960025352,16,129,35.490100500605124
Mobile Phone,7860,3728,12.298656332630078,55,156,21.38144402224027
Desktop Computer,8189,4280,9.282030210824383,24,209,18.5938864282856
Tablet,8500,3603,12.508905299764743,6,289,99.19680191045765
Desktop Computer,2642,1909,16.219085439985157,52,254,1.5942323455343854
Tablet,3818,3095,10.334881879997113,26,74,47.43609528679951
Laptop,790,2964,13.402165074250663,56,149,15.037298009996414
Laptop,5321,3136,5.3267528118487375,14,203,78.77105916776064
Desktop Computer,6412,2231,19.287723477426205,6,197,2.072861651353175
Mobile Phone,6307,2238,7.984067710850071,60,399,49.07659207018159
Tablet,9908,1225,15.81431160709485,28,483,85.03828576445312
Desktop Computer,9038,130,11.438832442507632,47,396,79.25987236983107
Mobile Phone,1216,2817,7.348528259333889,46,14,55.22165662342454
Desktop Computer,2169,2896,10.189495018034838,13,316,53.69827871059311
Mobile Phone,9082,2667,12.55874602368516,26,342,78.00798000390422
Laptop,851,410,10.158417382390164,27,219,14.481620260233118
Tablet,9478,504,7.611335634928518,44,200,48.936880622916625
Desktop Computer,8515,3420,13.369769029374275,26,337,78.23540166932888
Desktop Computer,3539,3162,18.30106404163523,63,256,14.001558592624564
Mobile Phone,9607,4488,12.760018431957231,27,290,68.5812494908165
Mobile Phone,780,4216,8.602436442704228,43,205,1.730453542508903
Tablet,5784,1531,7.757041892420582,40,255,8.224537542479949
Desktop Computer,1021,3686,7.41968472593306,42,210,68.98665673885073
Laptop,9010,231,15.320546351121203,9,343,53.87884768137552
Laptop,8187,2441,10.158747800959588,34,354,62.046045449941985
Tablet,5463,1686,5.757574179542246,36,399,99.28195731537714
Tablet,8201,3203,13.080813630414886,21,480,92.16965998756498
Tablet,3363,2641,11.314169398516986,43,234,26.024649848305547
Mobile Phone,1019,4316,16.145131609810335,53,270,73.14291460881118
Laptop,2618,2937,3.304343333115515,38,368,20.270654732165227
Tablet,8596,134,4.981900190595175,49,37,54.14850691386937
Laptop,8108,774,7.9101761191657936,41,176,6.912611583711636
Mobile Phone,9414,1716,9.573358357981476,29,204,41.79608034689617
Mobile Phone,8762,1611,15.908204676276794,41,52,70.70176666510937
Laptop,4539,4460,6.84854797383778,20,512,54.56898161823379
Desktop Computer,2766,3683,12.96496075095755,14,503,82.50545065017143
Desktop Computer,8624,4131,10.615329283857445,32,123,56.19101094551563
Tablet,4313,4735,9.062582665221267,8,104,15.680023690411748
Laptop,8356,2631,7.568585390373849,12,433,72.65907770560133
Tablet,7182,4753,19.31490296071232,50,475,28.20629479291047
Tablet,1072,3904,7.407846791675333,23,405,23.541416082128798
Mobile Phone,4826,134,4.903766658875183,30,284,73.70213065145377
Laptop,5436,4762,12.055343122101895,15,210,65.92004598419311
Laptop,6958,1137,10.120673269517132,16,85,98.07664900870353
Laptop,3659,3567,14.405730971686275,53,42,0.18106276399718624
Laptop,1828,1917,17.010008729407957,55,483,98.6509232859785
Desktop Computer,3826,2623,4.329960017595411,63,328,84.47111354915191
Mobile Phone,1595,2692,11.60283156092393,10,108,5.298198127774123
Tablet,2040,706,5.211745895862045,47,359,6.922147575532589
Laptop,8026,4543,15.833194178706867,35,123,73.53093659025326
Desktop Computer,6415,1848,4.077652705062237,46,289,48.2766608330223
Desktop Computer,243,2775,3.61172405479804,28,251,82.25651174203172
Laptop,3660,10,5.002776610820833,24,497,2.82558605059694
Laptop,2457,4808,4.753595537946765,32,370,51.110582666640504
Desktop Computer,653,1216,17.044976220394155,49,355,55.1011436459971
Desktop Computer,8161,4922,9.777995975695891,62,295,75.85054007965289
Mobile Phone,1450,4972,14.218538155989183,5,333,18.197037907514037
Desktop Computer,6817,2377,6.5546195118142485,35,87,78.3588485927471
Desktop Computer,7464,4945,8.816377098081151,6,231,15.836927579182959
Tablet,4680,3967,8.294508005039422,27,12,52.807381964683586
Laptop,1531,1543,12.04835045226106,41,246,99.08892124257372
Mobile Phone,1157,114,18.18400382308412,27,187,73.16135626791059
Tablet,3157,4062,10.780936635729116,44,188,63.076640974840615
Mobile Phone,8991,1225,15.244368005248642,47,357,1.9116028513175176
Desktop Computer,4127,439,11.819715134395578,29,347,34.98150529795093
Tablet,8181,4222,18.800373684190944,38,79,76.35846282440222
Desktop Computer,6141,1597,6.271577947173983,45,443,95.84942498866909
Mobile Phone,8599,2573,7.077434500748082,53,253,1.3047052274404503
Mobile Phone,554,2219,7.304205154404325,59,180,82.91902035748653
Mobile Phone,3215,3441,19.87108420850287,49,260,12.262608307619804
Tablet,661,655,7.558749850813113,25,415,3.6711372341960757
Desktop Computer,2247,2706,19.35756011415041,42,87,63.04748565070265
Desktop Computer,3637,2300,5.032136089839938,23,218,90.80300904231213
Desktop Computer,2543,3858,11.669233785577706,35,236,86.96694742595412
Laptop,3443,1432,15.223806798506466,57,246,76.22983491980703
Desktop Computer,1998,3999,11.241121127429587,3,50,61.37200997919793
Tablet,3298,166,10.11145086891823,18,112,23.932470512312864
Tablet,4616,760,19.833406904014364,15,390,13.570292312145693
Laptop,2853,2337,3.182443870877071,43,52,93.82387871236986
Desktop Computer,8792,2012,19.820120557124117,30,17,47.40207192253483
Mobile Phone,6839,1531,15.752791351314764,54,263,47.65292845392713
Mobile Phone,6092,1870,15.0562997473618,48,396,51.00828597184973
Tablet,9118,2587,15.449293971002671,15,464,77.1679068623695
Tablet,1863,768,5.271398248295792,16,242,50.798859469370875
Laptop,8904,3338,7.806598986333712,39,312,24.222172007955457
Mobile Phone,6377,2739,12.832062570788567,32,9,47.944527652649796
Mobile Phone,8782,904,8.006106743404052,24,162,36.31409928294327
Tablet,7884,4284,3.7014268945762816,15,62,93.81057672082036
Desktop Computer,6989,4530,19.4493753821299,41,365,45.13623267252002
Tablet,8730,4519,11.998803233213247,38,235,2.7289166738115656
Laptop,6857,466,17.796643355192423,7,399,61.407591829086584
Laptop,2156,2546,13.661967647903214,20,17,97.55735871900171
Tablet,3292,3751,6.358222994347317,53,171,39.19141481829056
Tablet,5724,4090,10.652249835110823,40,398,95.36593900449802
Tablet,9557,3346,4.033804043978374,47,393,53.753561648178305
Desktop Computer,9644,1713,16.590432712126333,51,51,3.1476969812531452
Laptop,3928,949,5.182510282554903,1,53,32.50414439486809
Desktop Computer,7897,2284,17.237199259178233,19,324,55.8695501261655
Desktop Computer,1747,1439,12.132897802124992,53,24,92.59362557064054
Desktop Computer,174,4936,11.066313202403407,24,508,45.065898811367866
Mobile Phone,5418,4935,6.505398458259166,44,331,49.57481114918605
Mobile Phone,7950,3174,13.73885578551887,55,316,7.819870701788467
Laptop,6720,901,12.977771375527013,31,114,26.062990601805414
Mobile Phone,1837,1810,12.423199053079014,13,344,78.60202590690898
Tablet,7720,2293,15.582203684100191,7,478,52.6331076167309
Tablet,4165,1790,16.794367103331894,45,57,88.02388578169025
Laptop,3078,1272,10.322534383110092,3,505,76.1708763276815
Laptop,6618,346,5.062092800344229,2,505,34.15880150029415
Laptop,7959,1304,15.629176806356714,45,145,4.848048807271188
Mobile Phone,1576,1082,12.396924077547316,28,476,9.532491352580774
Mobile Phone,5560,1058,14.398620393215177,23,373,58.017592546693855
Laptop,5442,7,19.69360980742672,30,186,81.93623919909957
Laptop,9705,4233,18.528919466478747,8,318,91.46436175236806
Tablet,551,2850,8.439151697276007,7,86,14.146568003260851
Desktop Computer,7190,3150,17.97292988664784,19,395,98.00457634474101
Mobile Phone,8931,2170,14.11939335067673,13,143,40.783946087974186
Tablet,3678,2516,3.615613423416135,58,472,19.258540449255747
Desktop Computer,5114,4793,19.01054514218115,47,21,35.46178740237104
Laptop,4933,3446,18.99337459566811,18,393,73.75321151174776
Laptop,3624,4809,12.554519927705597,58,274,32.04832267015736
Mobile Phone,9220,2419,13.733753500557722,63,402,20.843107069734522
Tablet,4148,2581,6.224336017004271,61,497,17.462343177204286
Mobile Phone,2062,202,15.157986012938329,15,368,54.64055497468134
Mobile Phone,1645,3893,15.752799188528112,4,257,33.52737268127045
Mobile Phone,2783,1819,14.123499313766265,41,27,34.07407370381756
Laptop,6404,1335,3.615807564528665,46,242,91.57334696005547
Mobile Phone,1777,3174,5.892687310997232,5,265,46.98250864031641
Desktop Computer,7854,1946,15.730414639786488,33,249,5.4095954165772735
Tablet,311,3688,11.011286110615494,25,87,2.805962445581167
Desktop Computer,7231,322,4.571427238041045,37,235,15.19000859956786
Tablet,3493,2415,16.760853764464102,38,12,76.29775560646173
Laptop,627,2084,5.358881897257007,44,107,53.88199768303301
Laptop,5006,2101,16.546364935472752,58,291,74.02612260194556
Laptop,4655,363,19.174682531289672,16,20,60.71280439545244
Tablet,9298,3963,12.614984627958515,28,366,96.50052501029396
Laptop,9108,1325,6.5492483720186545,10,41,73.85217240148155
Desktop Computer,8882,655,13.492016661666918,43,314,42.54360988950242
Tablet,4195,3866,7.862494067951229,45,50,25.632240118159277
Tablet,9626,3442,12.904057023016948,35,35,24.875724164817793
Mobile Phone,9287,1924,10.608067106560842,58,269,43.494075918743306
Desktop Computer,3161,1835,12.367968781108713,7,75,52.40617986057838
Laptop,7951,98,6.742697798031,28,117,7.009503115467252
Desktop Computer,2478,1869,5.17299108163952,23,432,30.99423160324257
Tablet,1124,3618,6.853256640751076,17,264,81.1826527141404
Laptop,7950,1983,9.60590119798166,8,380,60.304046108131914
Laptop,8756,591,5.4544393280528585,53,365,15.87855971242761
Tablet,8870,593,3.634403287530038,6,295,52.80866847380579
Tablet,227,553,7.487440647860466,61,293,28.657226497658726
Desktop Computer,147,4061,10.74260650649033,26,15,54.32534344781761
Tablet,1207,2200,16.794667711925264,33,98,89.92289846630929
Desktop Computer,7847,2254,7.868582208100678,35,372,45.50665057887551
Laptop,4921,2623,11.533472726598365,17,499,94.05316742864689
Mobile Phone,250,383,9.066568744724158,33,18,80.05555805820804
Mobile Phone,794,3312,15.865733063029902,45,89,17.01944326402617
Tablet,8119,72,19.061420182524138,29,38,81.57555454293926
Desktop Computer,3938,4012,19.76130057847322,10,103,56.3573655273525
Tablet,695,4078,5.338182619394835,2,372,64.97427312930746
Tablet,7520,4238,4.981805429597348,51,131,73.27846331562458
Desktop Computer,5720,2218,4.698879901513239,40,379,67.67625173528988
Laptop,9023,3498,16.745791425496208,20,90,96.10714935260484
Desktop Computer,4530,4505,12.976151189187425,52,197,62.10960579784109
Desktop Computer,4666,1473,10.897968948576354,47,474,57.39123319326328
Mobile Phone,7096,2828,5.53084622070972,52,498,10.90716972301583
Desktop Computer,8720,623,3.868608573008243,47,215,86.26629720892505
Laptop,4685,2289,17.55059815460524,14,134,64.12500388965051
Laptop,5320,4252,11.559093553429255,8,8,88.7669812339447
Laptop,4894,3680,16.022882359271744,45,268,75.65732375283784
Desktop Computer,6322,1116,16.730740386002616,41,446,8.657488326521312
Laptop,5208,4382,13.200468138986327,56,56,0.645339928988764
Mobile Phone,986,4931,7.694760775573705,3,234,27.237967313807044
Desktop Computer,9879,1974,5.422195949684643,44,89,77.09165029931484
Mobile Phone,6778,3246,3.089950537194876,31,455,14.23466311148297
Desktop Computer,1879,1762,5.517756370465152,28,503,77.27740686410962
Desktop Computer,4139,4697,18.628639937500672,63,422,91.66185059596465
Laptop,8166,4235,12.713543885643155,17,278,80.47967271821251
Desktop Computer,4296,4471,10.976022026851311,55,34,78.62922824738085
Desktop Computer,2313,2460,7.630420860306872,1,326,13.44778446843785
Tablet,517,4483,6.613498003416634,51,257,21.296815408135927
Tablet,1595,3509,12.89212787649969,48,46,25.52356007319787
Laptop,1763,187,17.7762531695074,39,30,19.43898007117952
Laptop,7913,3528,16.240008770465906,14,76,31.29145200388004
Laptop,4471,502,13.675468317666448,60,217,42.708227852498716
Desktop Computer,4427,860,15.802885235312559,12,479,52.878168170758634
Tablet,1925,3030,15.392271832554345,56,201,74.63670206715449
Laptop,7114,2118,10.551787835846625,38,451,41.70959546860607
Tablet,1248,1741,17.50244515105419,14,507,5.428541060100722
Laptop,3806,3684,15.335759371261965,50,347,50.19415119026762
Desktop Computer,1932,1030,10.492273935154667,51,510,93.55633452087696
Tablet,3668,1736,8.637815609180784,18,470,1.9333139922291909
Laptop,6546,3399,19.593155439965972,57,70,16.367553005866952
Tablet,3512,4866,18.140041703467126,53,113,13.359568567854541
Desktop Computer,3748,890,10.948578842076937,57,176,79.05758197629447
Desktop Computer,9042,4185,16.447883000527526,61,231,53.11699545239335
Desktop Computer,3664,656,16.483324478151005,62,205,44.91771057804296
Tablet,4977,4533,16.13849432273679,62,145,92.87742557235885
Tablet,4845,2536,13.737322738706938,6,177,96.06527210105138
Mobile Phone,3063,742,9.26772119477754,60,137,24.288696467574646
Tablet,4382,4709,9.720963020023344,54,121,41.49537180593876
Desktop Computer,6599,1817,5.233860639860602,62,145,22.18335005033917
Mobile Phone,6471,3035,4.56931209849598,47,504,1.0861662549595863
Laptop,6957,4086,17.184637501587208,31,68,39.551822974188255
Tablet,7040,4234,17.86818773463157,4,69,73.86655270625222
Desktop Computer,8257,2086,6.533505728050745,19,374,37.038340767918044
Laptop,8058,628,9.691524046052669,34,449,52.80300409309102
Mobile Phone,7628,4993,18.925277206363507,44,215,13.688434327214116
Desktop Computer,7930,972,14.670289133012771,52,324,83.28683589798352
Mobile Phone,509,2146,13.864744427027185,36,287,4.237431676123959
Desktop Computer,3291,2951,19.55018081562783,59,15,29.316311027348107
Mobile Phone,9391,3025,8.792680337951143,4,399,78.51401167027794
Desktop Computer,5503,4705,16.25093781550794,56,403,73.57851165417007
Mobile Phone,1949,4624,8.612288298498633,30,180,22.02569553898658
Mobile Phone,642,1112,14.682990862666275,19,427,74.9543130248379
Laptop,718,4139,4.705613405286755,19,181,81.36977287706354
Tablet,9960,4822,14.188364405780318,44,480,32.94893932384569
Desktop Computer,6669,1226,17.570783436964117,3,308,6.68963428656485
Tablet,2424,1423,9.389945474820234,59,142,31.992104028367628
Desktop Computer,2144,314,6.882663604072673,8,154,47.64481330251079
Mobile Phone,5052,3721,3.8088718326330313,59,34,12.297992178642204
Laptop,2224,2547,9.377893883599167,40,356,30.248625620488557
Tablet,6092,2885,9.896691160484448,19,133,55.97407957039794
Tablet,3345,929,5.044283898884538,33,287,12.689518625733676
Tablet,8261,2095,3.0222828299013114,29,452,41.53770546518001
Tablet,1685,89,16.784701366177963,48,65,8.056311160023611
Tablet,303,1311,3.5523456027667275,49,381,80.45947465350416
Tablet,3335,3599,10.187308798432056,3,278,72.07696936557983
Tablet,737,4367,18.735429644168306,9,426,18.160511156766844
Desktop Computer,1368,3663,7.586224265494903,62,188,68.55923849355584
Desktop Computer,7036,2522,9.185141174087146,24,37,77.89735097280202
Tablet,233,2423,16.854585274967633,11,374,14.658403920245123
Laptop,3642,9,3.516305196247016,45,422,37.120449311064206
Laptop,2374,479,16.237358403780185,59,411,79.22936096387335
Tablet,7701,4269,11.76188920703592,4,209,56.341068204290465
Mobile Phone,1055,3507,6.2455782955892705,15,497,92.34069036859967
Tablet,8796,2464,14.282034325468326,19,167,43.591790032091126
Tablet,2902,3794,18.317515412609303,32,434,5.20809278717389
Laptop,8126,4059,13.144395672104187,32,182,96.97967824380507
Laptop,3030,811,5.31075895280396,55,145,19.951392520190247
Laptop,7062,331,7.9468524429304646,57,166,21.372980962252107
Mobile Phone,258,3303,12.781511135210327,26,41,0.29586256121081345
Desktop Computer,4968,84,10.911933493753029,55,288,64.73474711533557
Tablet,2782,2992,14.56803819989405,19,502,84.72616540974107
Desktop Computer,6010,3974,13.495037001191521,15,374,94.25980497848194
Mobile Phone,9984,3149,8.231859796239474,22,219,2.1265321191877518
Desktop Computer,6743,2554,5.972142245819047,59,16,7.149124329688938
Laptop,2084,3396,15.939310940330245,39,227,42.935101954007294
Laptop,8824,3683,10.590602593357202,55,351,73.5862600694735
Mobile Phone,431,4794,16.560894094767967,36,88,1.8304229047364395
Desktop Computer,2871,4240,6.9770667346573605,47,326,26.61655133560352
Mobile Phone,3505,3316,14.696477876185297,18,132,24.426282580954183
Laptop,6283,2052,19.399791404442396,11,254,25.908206255260026
Laptop,6316,3973,3.8232870195566493,19,468,86.63834628192133
Desktop Computer,6073,4489,15.045084557635306,5,270,38.94039803112357
Tablet,4041,3315,3.289104377057708,45,260,32.95151785777314
Desktop Computer,7603,4237,16.328398228214446,13,117,34.07876332458522
Laptop,8083,4967,6.261099703437432,37,379,95.19376678496397
Laptop,3656,3208,14.202137967666987,56,410,33.00032474081005
Desktop Computer,5933,3653,4.889194266542935,18,163,66.87524508941532
Desktop Computer,3975,2414,14.010118934475821,53,329,98.89480949608854
Tablet,3847,661,16.26688557474151,25,329,0.6227943948149406
Desktop Computer,3479,990,17.838267680193784,44,286,9.274267018445448
Mobile Phone,8900,3802,7.51670589032407,52,316,56.857764413568916
Tablet,9202,558,17.49715888957221,47,246,28.836035580050833
Mobile Phone,4917,1609,11.162863923900789,18,98,91.11220867524888
Desktop Computer,2576,101,14.072687124364293,52,413,64.74619260875686
Laptop,7964,2624,10.369495036378126,32,303,47.83313123208467
Laptop,6628,1409,14.932789901697571,12,415,12.213465799564416
Laptop,3024,1728,14.037166185583372,12,511,53.39985151180582
Mobile Phone,8212,2965,13.587915070375857,48,432,92.64977423765299
Tablet,5090,4973,15.236663123480955,28,510,17.795681765957504
Mobile Phone,9784,2148,14.975630766941054,6,202,66.86309366549219
Laptop,5666,3384,8.800366985499803,1,205,38.748113006871534
Tablet,9773,4009,16.358339856790916,5,313,16.583311900511045
Laptop,3254,900,10.875282239836459,21,475,87.99328914705126
Tablet,4715,3094,19.93911543199201,19,372,33.45653264447767
Laptop,6295,4287,19.1502911208465,12,510,81.48358404532101
Tablet,5426,4409,9.928203014126378,17,471,81.1128456669347
Laptop,6805,2116,17.021864481518136,9,135,80.47441267510055
Desktop Computer,1820,4234,16.742591382752085,5,502,94.32222864829606
Desktop Computer,690,4922,5.043130391807085,27,427,9.081341126506626
Desktop Computer,2782,1574,11.886387418851495,53,221,2.8097681057293933
Desktop Computer,4774,4394,18.696577755827416,40,406,17.203659017693486
Mobile Phone,8884,737,19.56931269815792,46,32,18.277083719044484
Mobile Phone,1911,809,4.313039323549781,51,392,95.122769232503
Desktop Computer,1729,1562,16.751965684594598,9,366,52.64176287330859
Mobile Phone,9379,660,4.5587812115257655,19,345,17.79968266769808
Laptop,478,144,4.211254911681012,1,100,77.58093726533262
Desktop Computer,8625,1410,7.253246512490391,9,432,97.44152740063308
Laptop,9022,1951,5.719078974629361,37,83,17.35604387253442
Laptop,1157,226,16.22102499014698,21,437,65.47971226511513
Tablet,4687,553,16.053411874483658,40,499,97.28722648664294
Mobile Phone,2333,4956,17.426795350964802,17,396,59.70626581334002
Tablet,6607,3057,18.96818550621643,55,480,7.714472634192948
Tablet,4813,3657,15.852042542437891,57,204,65.18985726577965
Mobile Phone,158,1202,18.225983966674352,53,428,81.29567032617075
Mobile Phone,1634,2585,11.474368566234208,41,235,23.764764210757725
Laptop,7953,2073,14.678385488880435,11,188,30.670809539739697
Desktop Computer,5767,3657,11.919800332349839,6,298,39.45909931377357
Mobile Phone,4529,1853,9.35106084040967,35,471,61.15657156003312
Mobile Phone,1753,3295,16.987371927026686,63,200,4.996385426916595
Mobile Phone,264,4105,18.27899909038944,12,342,65.18783716112098
Tablet,8506,2300,3.553485753785896,14,210,54.288118576706246
Laptop,8335,4998,3.193693520955477,24,201,22.948951645191496
Tablet,3492,364,19.573253452946823,33,360,51.73443751208527
Mobile Phone,4211,39,11.236644960133038,63,348,70.41254837176442
Laptop,4208,2060,12.137667014928176,4,142,14.621162708824054
Laptop,7719,2819,7.4184688217390615,49,173,3.7233794931248454
Tablet,5804,4830,13.86200013417381,15,80,39.78683598089714
Laptop,6188,2693,16.636192413682103,1,494,96.34432301417523
Laptop,4828,2976,10.221825763721185,34,203,23.707138979616925
Desktop Computer,6120,1881,4.4553534204214,57,486,90.11640540264459
Mobile Phone,3564,2800,16.955236940976313,47,406,49.73543369952098
Desktop Computer,5164,2436,12.625806666999864,14,512,64.72698719914312
Mobile Phone,8378,1993,5.863703912107477,2,192,79.04699298616849
Tablet,2921,1909,16.896793605935812,10,377,98.7260954880082
Laptop,4203,3481,11.501962993134017,2,199,6.729070658887304
Mobile Phone,5400,1635,18.990799738192877,61,323,5.562994204500149
Mobile Phone,4593,4642,8.400613976804298,35,166,10.23080380157545
Tablet,8925,4993,12.927399009308001,27,423,49.81730078002632
Mobile Phone,8485,992,9.118559504209886,45,474,11.596377396412183
Desktop Computer,6479,3764,5.662555290010301,4,412,76.95206172043382
Mobile Phone,9804,3431,5.232992288694689,55,308,6.500842396324824
Laptop,9439,110,6.900584250713856,17,464,9.623545381006416
Tablet,448,4196,14.478208412207588,2,83,0.31999170685172995
Desktop Computer,1859,731,12.613620205039076,19,182,84.16371337584006
Laptop,1229,3863,14.939813108696121,22,454,0.8811826990132055
Laptop,7537,1268,16.811851110299678,30,443,37.66886683431297
Tablet,1307,1109,10.817139717056989,52,217,55.69849476469779
Desktop Computer,3691,2614,9.885849253462162,23,434,58.48516600118421
Mobile Phone,8446,818,17.0673226279849,47,356,92.64297171934764
Laptop,4092,3361,16.992784926137915,24,44,90.56681426156972
Desktop Computer,5628,2970,11.042070095784071,31,79,41.16034204425092
Desktop Computer,4769,365,3.757646223693824,7,99,54.04266826353087
Desktop Computer,9777,4328,12.442288909372447,25,79,13.635472484310341
Desktop Computer,6190,4045,12.315156446923744,14,34,25.016570465076892
Mobile Phone,3627,1191,13.881153570691687,64,337,77.697428997715
Desktop Computer,7295,4488,17.484521136291004,39,60,10.078398350867667
Tablet,123,4896,13.796493101330295,23,330,12.419929820589982
Desktop Computer,8715,658,15.371227784329642,22,41,60.246275933586126
Mobile Phone,2455,1831,19.36952645968376,20,447,62.06619298119281
Laptop,6320,4042,14.330339396407256,63,211,85.32971915107592
Tablet,9646,2704,15.520522107257099,22,499,46.87452604189469
Tablet,8804,2655,8.912339263034276,45,466,20.903726528064947
Desktop Computer,8702,3521,10.504831743895245,26,306,5.059914342334881
Laptop,5324,4965,19.863902076827014,59,345,84.79096222635654
Laptop,1936,2226,13.81203770052919,30,423,43.00047758181959
Tablet,9331,137,12.524756543844259,46,338,66.58076576254798
Desktop Computer,4153,3600,8.560554266588625,4,107,97.40723367356536
Laptop,1490,279,16.507431472831968,34,439,22.853552794159416
Tablet,4846,1949,13.002070176354044,53,321,93.91510914303059
Mobile Phone,5395,699,13.80101738990989,59,13,8.37979360813259
Mobile Phone,9801,2785,12.612589637577825,36,397,71.00327489170007
Mobile Phone,5556,1832,16.238310783024655,36,172,25.170912546260915
Desktop Computer,4815,2387,16.68028258679723,12,95,97.68292903997815
Desktop Computer,3168,4540,9.78645370463607,43,350,54.53054351073248
Desktop Computer,2320,3984,7.4400291212800385,12,450,78.50511558815826
Tablet,9973,17,14.120322319435484,38,339,64.43993898978216
Mobile Phone,2901,1433,12.728120480695372,1,401,83.21373973659347
Laptop,6783,2631,5.015361786548636,7,301,49.48966015965636
Desktop Computer,8662,3463,13.72906733044181,28,212,51.35457824563644
Desktop Computer,150,1787,7.7315977323178595,56,175,42.29158689517115
Mobile Phone,7449,990,15.66177852465654,29,284,92.8940180521484
Mobile Phone,2769,1940,9.584895353296988,56,36,42.62175080728989
Laptop,3252,2211,11.004778352439947,17,155,98.32408899225165
Tablet,8317,3940,3.4160847155116567,41,221,92.6187171707168
Mobile Phone,6656,3892,6.785537902172285,20,64,92.89173029001309
Laptop,5562,1250,6.270473039932302,22,243,30.25797274369474
Mobile Phone,4681,2774,10.18313369197055,34,407,13.562567477872356
Desktop Computer,8025,886,16.399370809239592,43,89,7.135272677131777
Desktop Computer,8102,2453,8.543208758704548,63,49,61.56544273809501
Tablet,8526,1869,14.051303399201627,41,377,79.64708066411296
Desktop Computer,8297,4698,16.414379429974147,51,512,70.18639951163776
Tablet,2829,3661,11.728292088121831,49,136,24.73530580027621
Desktop Computer,9207,4985,10.089838640572335,29,156,84.27744092569476
Desktop Computer,2532,333,8.038456894345662,64,262,89.87711017057019
Desktop Computer,6432,2523,12.196599329565652,18,93,15.738642476817677
Tablet,8937,625,5.705472936438162,35,369,95.67789341699813
Tablet,7935,1526,12.454294925265145,2,454,56.68167458428772
Tablet,4406,1881,19.40481362227553,48,426,64.31230514766906
Laptop,243,2338,7.532403954853282,49,141,87.62825555761283
Tablet,8620,1263,17.574246525542414,23,465,27.686654273373644
Laptop,3828,4556,10.32864002535458,12,318,59.44384718003152
Desktop Computer,9743,3487,3.1189266872307013,50,346,62.30634767101113
Tablet,2537,1626,18.61265597936149,10,91,45.83759355987457
Desktop Computer,396,1674,6.380619574002603,62,256,55.205307641429926
Mobile Phone,3297,720,15.53699912872563,17,72,5.650637955376636
Desktop Computer,4395,2890,9.523487132563336,5,149,81.84974021598327
Tablet,8218,3694,3.574859778123511,50,33,50.80530887352992
Tablet,7423,2573,7.137955001339753,29,99,71.02399290795933
Desktop Computer,6080,2609,11.515039175574831,29,19,4.580511729023096
Mobile Phone,8332,3555,9.866037805778106,55,286,45.585726758674596
Desktop Computer,1248,4666,6.508838456646856,60,388,50.878029171692084
Tablet,3845,1999,13.71180216149927,35,43,78.03912223123142
Mobile Phone,341,3924,8.223332119504583,9,503,5.046706631400532
Laptop,5827,4513,15.279602265174256,63,73,33.72031844176336
Mobile Phone,5142,3028,4.144833735468127,7,45,70.78723925840188
Desktop Computer,3650,4875,16.77812678739531,52,230,80.71756934414326
Laptop,6848,3054,7.923939834963218,1,383,26.557732062461103
Mobile Phone,8397,3504,11.561602716759008,41,161,15.68099894492222
Laptop,7675,1914,11.11419419493435,49,425,14.007506413177195
Laptop,1604,3985,3.045729022412667,33,42,71.07337590795156
Desktop Computer,6962,1275,8.321932411701226,28,48,42.16157892485738
Tablet,9493,3681,7.90603503124883,8,507,62.485507671913
Desktop Computer,4571,4299,7.618859135439625,24,367,80.00796760073489
Laptop,6614,2482,3.849356946789297,17,483,86.6103859362909
Desktop Computer,3252,3108,14.730934974747344,6,48,52.708954036900955
Desktop Computer,314,405,17.836291578736024,2,472,25.148773120732027
Tablet,7803,4241,6.644819359915713,40,141,79.68364769869953
Desktop Computer,7612,4041,11.210172837492486,13,371,67.35513733040915
Mobile Phone,8181,977,7.564585020608092,6,93,53.83931775819557
Mobile Phone,3118,352,14.215261570766332,49,165,9.920397337993613
Laptop,8821,189,5.476022561814313,27,55,48.775434179287544
Mobile Phone,5420,3552,16.08421262076444,14,160,17.828526818991353
Mobile Phone,3359,3166,14.814609266425265,28,129,29.606103304791674
Tablet,4148,4069,6.385144086815433,29,397,96.988937841172
Laptop,4553,4892,16.83829964216745,30,169,92.88197433190643
Desktop Computer,148,2188,4.962910546635434,4,372,66.06614437604543
Mobile Phone,2301,3700,19.25753035286048,26,479,5.462740980766656
Mobile Phone,6818,3509,4.514447908299087,34,416,9.207347542182365
Laptop,5897,654,18.59076627375661,49,364,92.71150429160751
Tablet,6475,2621,4.303217471888606,57,352,42.35394993186154
Laptop,6541,4467,5.303447723432363,13,100,35.743076586792874
Laptop,6416,2985,15.849163095848334,41,45,59.27009575487045
Laptop,7762,2641,12.281861747289943,2,102,88.25398037332633
Tablet,9434,1598,7.901680585398271,63,248,34.68628478399399
Mobile Phone,4650,3840,5.966252221018704,29,60,32.51204498561192
Desktop Computer,1697,342,9.272208577553638,7,208,51.93512367277893
Desktop Computer,5728,1207,17.777738866682206,37,43,45.97134460050507
Desktop Computer,9089,358,15.23568176899943,14,15,58.202215731267536
Laptop,5272,4037,19.8340591925964,26,132,0.38766079115956087
Tablet,9569,646,10.548510308384895,39,264,33.97041665455573
Mobile Phone,2131,3336,12.379989376135422,36,343,25.68691763351756
Mobile Phone,9577,645,16.59257759115947,44,218,95.83287252232662
Laptop,9572,3495,5.508212877810364,59,74,78.52077509712014
Laptop,3758,43,3.113916069957963,21,239,2.3633127277949195
Tablet,271,2739,5.456776373809735,27,212,39.35002359939891
Mobile Phone,3728,1304,5.4638652966479775,63,255,70.10305084013119
Mobile Phone,7601,3782,12.129947293839106,62,243,74.77361126599831
Tablet,4117,3831,11.093277902777727,39,12,36.240007231705285
Mobile Phone,8074,1186,18.828245747809945,14,267,90.6096334711058
Mobile Phone,7052,3370,9.89450874555202,8,405,77.06331637241765
Desktop Computer,2168,2240,14.840348406017002,59,387,78.27815606622407
Tablet,1361,960,15.198793146620464,32,374,56.63327647921616
Tablet,9327,4887,5.164305294563273,21,181,25.665328515374554
Laptop,1059,4740,13.807782874126096,17,264,83.74182336695534
Tablet,986,1814,8.448520811989564,44,162,1.30710674983191
Laptop,8893,3307,17.610900262522726,44,386,11.95318559147507
Tablet,914,3077,9.845756213367714,43,300,2.796811526495935
Mobile Phone,6535,4720,10.425599732909522,56,501,54.66299090999508
Tablet,7814,2984,16.038011374166466,54,455,0.7632492788524625
Tablet,3080,3585,11.87246052448178,46,108,40.344804545620214
Laptop,2150,2030,7.967464969259291,44,506,70.65085363112972
Desktop Computer,427,4168,11.412830729357463,63,480,15.191139108685213
Desktop Computer,5170,2352,14.166974921620406,46,46,70.66924137145702
Desktop Computer,7297,2672,4.688847037209069,3,85,88.24513592539401
Laptop,4301,4602,6.403981671344441,45,318,64.69858213820736
Laptop,2377,2501,18.00071530928819,53,184,63.482862413665075
Mobile Phone,537,3799,18.801670344529196,10,450,73.15168961226372
Desktop Computer,1727,1864,14.087433110955871,11,350,62.5423281607948
Mobile Phone,8756,1993,18.58750253087679,3,290,67.86236885311358
Laptop,5183,2914,7.629856936037702,63,111,27.533928754716573
Mobile Phone,1767,4571,15.779509857307067,45,498,47.747765685006094
Laptop,6152,111,16.144159392878777,46,40,55.504230278331036
Tablet,4654,4358,15.153752323387664,60,135,9.25999330043863
Desktop Computer,4567,2875,10.661949863721023,25,117,48.99926884031902
Desktop Computer,9979,2205,19.5096295673735,43,351,35.25114748782562
Laptop,2543,4744,9.579068423718645,13,501,84.53546109316342
Laptop,9877,2625,9.770391681272773,11,131,31.61065237526136
Mobile Phone,9412,3289,11.378539874671066,63,37,87.08639428373677
Laptop,5252,1546,3.2655189971159837,5,100,10.22934019482028
Laptop,8879,1973,13.14958071962795,1,164,26.76799501513991
Mobile Phone,7452,3545,11.708079291125756,63,178,14.478320196595751
Tablet,5177,4398,13.229463771678097,10,457,46.75459646806777
Laptop,8092,3847,11.378670794805505,19,417,70.40600155634496
Tablet,3355,4149,16.16114186318881,62,405,71.32841774965392
Mobile Phone,3699,3286,3.956629250076414,48,345,63.11285087617773
Laptop,7990,2151,3.3227573639618537,9,251,8.330971801609676
Laptop,4754,573,9.72289158554482,60,425,25.899130569116025
Tablet,7055,4218,12.240031165310873,9,371,29.309851079847682
Laptop,819,1400,16.647902095336452,20,415,71.20938294342398
Laptop,7154,3426,5.840870918678135,24,278,91.65826996255659
Desktop Computer,6872,1864,12.807098197019258,43,34,55.75870145706995
Tablet,7493,25,3.529139228310362,32,463,98.8046570154178
Desktop Computer,812,606,11.673762136150103,21,284,63.38584534150341
Desktop Computer,375,360,11.171268256210213,2,354,10.539944798641676
Laptop,9882,2065,17.790932586472174,11,282,85.99678724854975
Mobile Phone,9429,4145,17.3215254917732,51,265,10.787936065970305
Tablet,6706,1959,15.356431336422123,40,178,31.2167423791458
Desktop Computer,9922,113,8.695560494274282,18,354,24.762976890502518
Tablet,3135,3459,16.622588766608565,33,101,5.739621403305318
Mobile Phone,6940,2273,6.155632838698287,57,78,44.03782372058173
Mobile Phone,566,4112,11.981659031833612,31,128,25.832416919866308
Tablet,8664,125,9.479846095624431,27,291,25.78640519937401
Desktop Computer,5138,4916,7.911181871342962,6,474,62.042258814427385
Laptop,9240,1815,6.496128371387948,52,476,85.27079673565987
Mobile Phone,8661,803,14.095655405707245,47,60,48.3038285695388
Desktop Computer,1601,688,4.4606849595248645,53,120,77.1336982429425
Mobile Phone,2768,4939,13.02591186064264,13,272,14.421006462610574
Tablet,6170,395,15.638759033425734,8,288,9.437970090357473
Mobile Phone,5342,2275,7.647358375969281,44,101,5.422680340266661
Laptop,6564,2362,9.224737880830718,51,56,5.353907313484029
Mobile Phone,2976,3209,18.53077461946647,8,487,80.73129226872241
Mobile Phone,2999,38,14.43210087991157,13,130,64.79429627266616
Desktop Computer,6733,3352,10.183097714305877,3,306,5.309948335835046
Tablet,2283,1066,18.76665981612038,16,46,19.437970729687294
Tablet,9571,2681,11.315331927730357,63,188,68.37277020468535
Laptop,8329,1819,17.556051405653932,12,369,4.408213649058245
Laptop,6668,2186,13.31901503918375,46,71,36.51047706584001
Laptop,7308,3568,4.137820222884201,1,382,75.13664880283363
Mobile Phone,2287,3827,18.606366442384726,34,469,96.38378746542716
Mobile Phone,6422,2417,17.72990393319115,6,373,86.09852763094271
Laptop,1495,23,13.520883100792895,1,11,26.505893811673566
Desktop Computer,1861,1095,15.860168397412053,4,107,32.778830641984854
Desktop Computer,7998,3614,18.261464892979433,53,156,84.51553500624563
Desktop Computer,8086,262,11.763633786884595,29,37,57.73251432734874
Tablet,7204,3000,4.119558997173273,14,74,54.37738537269426
Mobile Phone,8902,4910,10.603238858862618,28,442,7.957065970648747
Tablet,5633,4833,8.594090909281366,30,50,17.23424994058863
Laptop,5302,2413,12.617205924404054,50,390,73.61030700172468
Mobile Phone,3388,2804,10.146227663964584,62,133,55.550412768390665
Laptop,5550,1927,3.7499322949852685,6,61,87.67584339769114
Laptop,2925,1632,10.948654456820044,26,282,68.57860354625936
Laptop,3434,2844,12.132249908080668,33,228,2.2656854314306973
Desktop Computer,327,4136,7.571748162447859,39,378,82.19957370832827
Laptop,5452,156,11.945753141114459,12,453,62.57178018216308
Mobile Phone,5355,2409,17.910874289080898,35,26,28.926574424154538
Desktop Computer,9610,1957,3.269047833923189,47,272,43.00862645118878
Tablet,1655,850,8.15794394490933,17,316,97.19022984030121
Mobile Phone,2092,398,15.46150787624623,14,394,76.12305401665728
Desktop Computer,6318,4157,5.251226342950052,46,113,30.63852351325914
Tablet,2392,4336,8.409812259305223,22,42,92.68199619589329
Tablet,5997,2501,12.539707172004247,46,84,38.479045582310334
Desktop Computer,9148,3466,9.537073138545843,24,107,15.064984471403664
Laptop,3651,1737,15.061366385817246,16,477,41.103891116701206
Tablet,2680,4950,9.161385355843203,54,257,90.76847262913563
Laptop,6080,942,12.658708383103072,38,476,25.71971258541633
Tablet,7367,656,3.5806515712071927,44,14,27.144756930872525
Laptop,3897,1430,6.996158456485556,42,91,13.16271900985485
Mobile Phone,8995,3826,8.7812766956065,38,207,43.468156563273176
Desktop Computer,4740,1330,14.668400952825511,6,21,41.27046823775922
Tablet,8138,4480,14.131824754137233,38,160,42.16962006191876
Mobile Phone,640,3227,8.54572001975975,12,453,81.13550586034751
Laptop,1784,3703,8.872802478185527,49,379,93.1991427309222
Tablet,9959,2594,11.790370339299221,12,406,27.257632065388925
Desktop Computer,2337,4897,6.912028155013601,59,216,75.80728051085282
Desktop Computer,6117,4177,14.045822241324844,9,479,39.952151512506596
Tablet,7420,114,19.719917233803802,23,80,29.865519814660512
Desktop Computer,4972,3302,11.035243733768803,40,437,89.17474364521242
Laptop,7746,2723,9.185676394253719,18,48,57.95216973359716
Mobile Phone,2869,1461,17.121248032253206,63,93,72.21623536954718
Laptop,1770,1709,10.96677205395502,43,12,42.087548785663685
Tablet,5489,4643,12.48468964808399,9,356,13.833915161827603
Desktop Computer,3385,4442,14.115353936245583,55,22,82.16072552592458
Tablet,3234,1795,8.487149734656878,10,277,73.41897864010193
Laptop,732,2432,14.154195939832249,34,177,15.019275524653109
Desktop Computer,4750,4842,16.55042554702908,37,54,80.49527074615152
Mobile Phone,2971,4885,16.826556584247754,11,27,45.03628161289029
Tablet,8578,1636,4.577489516300704,26,199,33.338787838119174
Mobile Phone,6297,2662,5.213930717091018,31,245,80.35264692782468
Laptop,2361,4203,15.948452730530411,44,473,23.589053722499198
Laptop,4492,3426,16.178125330147225,11,497,93.94677126365102
Desktop Computer,558,2866,10.318573819964463,9,433,80.49099432266878
Mobile Phone,3358,4325,11.480820746877173,22,62,88.30360806318987
Laptop,1157,2333,13.962194509261185,44,407,12.809284966894152
Mobile Phone,2964,3791,18.3221927679083,64,409,17.549072029921597
Mobile Phone,5336,4303,5.009411470661255,32,432,23.775872342419447
Desktop Computer,2133,600,15.401487701751202,34,358,44.89307714677212
